First Name,Middle Name,Last Name,Driving License No,D-License Expiry Date,Gender,Marital Status,Date of Birth,Street 1(address),Street 2(address),City,State / Province,Zip/Postal Code,Home Phone,Mobile Phone,Work Phone,Work Email,Other Email,User Status(enable/disable),User Email
John,middlename_001,Lesley,54565554,10/25/2022,male,single,9/13/1997,175,Madukkarai,Mannar,Northern,130,230909345,772600375,113243556,workmail001@gmail.com,othermail001@gmail.com,enable,jacobjohnlesley@gmail.com
Mudiyappan,middlename_002,Dilaxan,54565555,5/5/2022,male,single,9/14/1997,176,Madukkarai,Mannar,Northern,130,230909346,772600376,113243557,workmail002@gmail.com,othermail002@gmail.com,enable,dilaxn@gmail.com
Januska,middlename_003,Inparaja,54565556,2/4/2023,male,single,9/15/1997,177,Madukkarai,Mannar,Northern,130,230909347,772600377,113243558,workmail003@gmail.com,othermail003@gmail.com,enable,Janusska1997@gmail.com
Ananthanesan,middlename_004,Sathiyan,54565557,9/26/2024,male,single,9/16/1997,178,Madukkarai,Mannar,Northern,130,230909348,772600378,113243559,workmail004@gmail.com,othermail004@gmail.com,enable,Saththiyan97@gmail.com
Vanniyasingam,middlename_005,Thanusan,54565558,2/11/2027,male,single,9/17/1997,179,Madukkarai,Mannar,Northern,130,230909349,772600379,113243560,workmail005@gmail.com,othermail005@gmail.com,enable,Shansan0018@gmail.com
firstname_006,middlename_006,lastname_006,54565559,2/12/2027,male,single,9/18/1997,180,Madukkarai,Mannar,Northern,130,230909350,772600380,113243561,workmail006@gmail.com,othermail006@gmail.com,disable,usermail006@gmail.com
firstname_007,middlename_007,lastname_007,54565560,2/13/2027,male,single,9/19/1997,181,Madukkarai,Mannar,Northern,130,230909351,772600381,113243562,workmail007@gmail.com,othermail007@gmail.com,disable,usermail007@gmail.com
firstname_008,middlename_008,lastname_008,54565561,2/14/2027,male,single,9/20/1997,182,Madukkarai,Mannar,Northern,130,230909352,772600382,113243563,workmail008@gmail.com,othermail008@gmail.com,disable,usermail008@gmail.com
firstname_009,middlename_009,lastname_009,54565562,2/15/2027,male,single,9/21/1997,183,Madukkarai,Mannar,Northern,130,230909353,772600383,113243564,workmail009@gmail.com,othermail009@gmail.com,disable,usermail009@gmail.com
firstname_010,middlename_010,lastname_010,54565563,2/16/2027,male,single,9/22/1997,184,Madukkarai,Mannar,Northern,131,230909354,772600384,113243565,workmail010@gmail.com,othermail010@gmail.com,disable,usermail010@gmail.com
firstname_011,middlename_011,lastname_011,54565564,2/17/2027,male,single,9/23/1997,185,Madukkarai,Mannar,Northern,131,230909355,772600385,113243566,workmail011@gmail.com,othermail011@gmail.com,disable,usermail011@gmail.com
firstname_012,middlename_012,lastname_012,54565565,2/18/2027,male,single,9/24/1997,186,Madukkarai,Mannar,Northern,131,230909356,772600386,113243567,workmail012@gmail.com,othermail012@gmail.com,disable,usermail012@gmail.com
firstname_013,middlename_013,lastname_013,54565566,2/19/2027,male,single,9/25/1997,187,Madukkarai,Mannar,Northern,131,230909357,772600387,113243568,workmail013@gmail.com,othermail013@gmail.com,disable,usermail013@gmail.com
firstname_014,middlename_014,lastname_014,54565567,2/20/2027,male,single,9/26/1997,188,Madukkarai,Mannar,Northern,131,230909358,772600388,113243569,workmail014@gmail.com,othermail014@gmail.com,disable,usermail014@gmail.com
firstname_015,middlename_015,lastname_015,54565568,2/21/2027,male,single,9/27/1997,189,Madukkarai,Jaffna,Northern,131,230909359,772600389,113243570,workmail015@gmail.com,othermail015@gmail.com,disable,usermail015@gmail.com
firstname_016,middlename_016,lastname_016,54565569,2/22/2027,male,single,9/28/1997,190,Madukkarai,Jaffna,Northern,131,230909360,772600390,113243571,workmail016@gmail.com,othermail016@gmail.com,disable,usermail016@gmail.com
firstname_017,middlename_017,lastname_017,54565570,2/23/2027,male,single,9/29/1997,191,Madukkarai,Jaffna,Northern,131,230909361,772600391,113243572,workmail017@gmail.com,othermail017@gmail.com,disable,usermail017@gmail.com
firstname_018,middlename_018,lastname_018,54565571,2/24/2027,male,single,9/30/1997,192,Madukkarai,Jaffna,Northern,131,230909362,772600392,113243573,workmail018@gmail.com,othermail018@gmail.com,disable,usermail018@gmail.com
firstname_019,middlename_019,lastname_019,54565572,2/25/2027,male,single,10/1/1997,193,Nanattan,Jaffna,Northern,131,230909363,772600393,113243574,workmail019@gmail.com,othermail019@gmail.com,disable,usermail019@gmail.com
firstname_020,middlename_020,lastname_020,54565573,2/26/2027,male,single,10/2/1997,194,Nanattan,Jaffna,Northern,132,230909364,772600394,113243575,workmail020@gmail.com,othermail020@gmail.com,disable,usermail020@gmail.com
firstname_021,middlename_021,lastname_021,54565574,2/27/2027,male,single,10/3/1997,195,Nanattan,Jaffna,Northern,132,230909365,772600395,113243576,workmail021@gmail.com,othermail021@gmail.com,disable,usermail021@gmail.com
firstname_022,middlename_022,lastname_022,54565575,2/28/2027,male,single,10/4/1997,196,Nanattan,Jaffna,Northern,132,230909366,772600396,113243577,workmail022@gmail.com,othermail022@gmail.com,disable,usermail022@gmail.com
firstname_023,middlename_023,lastname_023,54565576,3/1/2027,female,single,10/5/1997,197,Nanattan,Jaffna,Northern,132,230909367,772600397,113243578,workmail023@gmail.com,othermail023@gmail.com,disable,usermail023@gmail.com
firstname_024,middlename_024,lastname_024,54565577,3/2/2027,female,single,10/6/1997,198,Nanattan,Jaffna,Northern,132,230909368,772600398,113243579,workmail024@gmail.com,othermail024@gmail.com,disable,usermail024@gmail.com
firstname_025,middlename_025,lastname_025,54565578,3/3/2027,female,single,10/7/1997,199,Nanattan,Jaffna,Southern,132,230909369,772600399,113243580,workmail025@gmail.com,othermail025@gmail.com,disable,usermail025@gmail.com
firstname_026,middlename_026,lastname_026,54565579,3/4/2027,female,single,10/8/1997,200,Nanattan,Jaffna,Southern,132,230909370,772600400,113243581,workmail026@gmail.com,othermail026@gmail.com,disable,usermail026@gmail.com
firstname_027,middlename_027,lastname_027,54565580,3/5/2027,female,single,10/9/1997,201,Nanattan,Jaffna,Southern,132,230909371,772600401,113243582,workmail027@gmail.com,othermail027@gmail.com,disable,usermail027@gmail.com
firstname_028,middlename_028,lastname_028,54565581,3/6/2027,female,single,10/10/1997,202,Nanattan,Jaffna,Southern,132,230909372,772600402,113243583,workmail028@gmail.com,othermail028@gmail.com,disable,usermail028@gmail.com
firstname_029,middlename_029,lastname_029,54565582,3/7/2027,female,single,10/11/1997,203,Nanattan,Vavuniya,Southern,132,230909373,772600403,113243584,workmail029@gmail.com,othermail029@gmail.com,disable,usermail029@gmail.com
firstname_030,middlename_030,lastname_030,54565583,3/8/2027,female,single,10/12/1997,204,Nanattan,Vavuniya,Southern,133,230909374,772600404,113243585,workmail030@gmail.com,othermail030@gmail.com,disable,usermail030@gmail.com
firstname_031,middlename_031,lastname_031,54565584,3/9/2027,female,single,10/13/1997,205,Nanattan,Vavuniya,Southern,133,230909375,772600405,113243586,workmail031@gmail.com,othermail031@gmail.com,disable,usermail031@gmail.com
firstname_032,middlename_032,lastname_032,54565585,3/10/2027,female,single,10/14/1997,206,Nanattan,Vavuniya,Southern,133,230909376,772600406,113243587,workmail032@gmail.com,othermail032@gmail.com,disable,usermail032@gmail.com
firstname_033,middlename_033,lastname_033,54565586,3/11/2027,female,married,10/15/1997,207,Nanattan,Vavuniya,Southern,133,230909377,772600407,113243588,workmail033@gmail.com,othermail033@gmail.com,disable,usermail033@gmail.com
firstname_034,middlename_034,lastname_034,54565587,3/12/2027,female,married,10/16/1997,208,Murungan,Vavuniya,Southern,133,230909378,772600408,113243589,workmail034@gmail.com,othermail034@gmail.com,disable,usermail034@gmail.com
firstname_035,middlename_035,lastname_035,54565588,3/13/2027,female,married,10/17/1997,209,Murungan,Vavuniya,Southern,133,230909379,772600409,113243590,workmail035@gmail.com,othermail035@gmail.com,disable,usermail035@gmail.com
firstname_036,middlename_036,lastname_036,54565589,3/14/2027,female,married,10/18/1997,210,Murungan,Vavuniya,Southern,133,230909380,772600410,113243591,workmail036@gmail.com,othermail036@gmail.com,disable,usermail036@gmail.com
firstname_037,middlename_037,lastname_037,54565590,3/15/2027,female,married,10/19/1997,211,Murungan,Vavuniya,Southern,133,230909381,772600411,113243592,workmail037@gmail.com,othermail037@gmail.com,disable,usermail037@gmail.com
firstname_038,middlename_038,lastname_038,54565591,3/16/2027,female,married,10/20/1997,212,Murungan,Vavuniya,Southern,133,230909382,772600412,113243593,workmail038@gmail.com,othermail038@gmail.com,disable,usermail038@gmail.com
firstname_039,middlename_039,lastname_039,54565592,3/17/2027,female,married,10/21/1997,213,Murungan,Vavuniya,Southern,133,230909383,772600413,113243594,workmail039@gmail.com,othermail039@gmail.com,disable,usermail039@gmail.com
firstname_040,middlename_040,lastname_040,54565593,3/18/2027,female,married,10/22/1997,214,Murungan,Vavuniya,Southern,134,230909384,772600414,113243595,workmail040@gmail.com,othermail040@gmail.com,disable,usermail040@gmail.com
firstname_041,middlename_041,lastname_041,54565594,3/19/2027,female,married,10/23/1997,215,Murungan,Vavuniya,Southern,135,230909385,772600415,113243596,workmail041@gmail.com,othermail041@gmail.com,disable,usermail041@gmail.com
firstname_042,middlename_042,lastname_042,54565595,3/20/2027,female,married,10/24/1997,216,Murungan,Vavuniya,Southern,136,230909386,772600416,113243597,workmail042@gmail.com,othermail042@gmail.com,disable,usermail042@gmail.com
firstname_043,middlename_043,lastname_043,54565596,3/21/2027,female,married,10/25/1997,217,Murungan,Colombo,Southern,137,230909387,772600417,113243598,workmail043@gmail.com,othermail043@gmail.com,disable,usermail043@gmail.com
firstname_044,middlename_044,lastname_044,54565597,3/22/2027,female,married,10/26/1997,218,Murungan,Colombo,Southern,138,230909388,772600418,113243599,workmail044@gmail.com,othermail044@gmail.com,disable,usermail044@gmail.com
firstname_045,middlename_045,lastname_045,54565598,3/23/2027,female,married,10/27/1997,219,Murungan,Colombo,Southern,139,230909389,772600419,113243600,workmail045@gmail.com,othermail045@gmail.com,disable,usermail045@gmail.com
firstname_046,middlename_046,lastname_046,54565599,3/24/2027,female,married,10/28/1997,220,Pesalai,Colombo,Southern,140,230909390,772600420,113243601,workmail046@gmail.com,othermail046@gmail.com,disable,usermail046@gmail.com
firstname_047,middlename_047,lastname_047,54565600,3/25/2027,female,married,10/29/1997,221,Pesalai,Colombo,Southern,141,230909391,772600421,113243602,workmail047@gmail.com,othermail047@gmail.com,disable,usermail047@gmail.com
firstname_048,middlename_048,lastname_048,54565601,3/26/2027,female,married,10/30/1997,222,Pesalai,Colombo,Southern,142,230909392,772600422,113243603,workmail048@gmail.com,othermail048@gmail.com,disable,usermail048@gmail.com
firstname_049,middlename_049,lastname_049,54565602,3/27/2027,female,married,10/31/1997,223,Pesalai,Colombo,Southern,143,230909393,772600423,113243604,workmail049@gmail.com,othermail049@gmail.com,disable,usermail049@gmail.com
firstname_050,middlename_050,lastname_050,54565603,3/28/2027,female,married,11/1/1997,224,Pesalai,Colombo,Eastern,144,230909394,772600424,113243605,workmail050@gmail.com,othermail050@gmail.com,disable,usermail050@gmail.com
firstname_051,middlename_051,lastname_051,54565604,3/29/2027,male,married,11/2/1997,225,Pesalai,Colombo,Eastern,145,230909395,772600425,113243606,workmail051@gmail.com,othermail051@gmail.com,disable,usermail051@gmail.com
firstname_052,middlename_052,lastname_052,54565605,3/30/2027,male,married,11/3/1997,226,Pesalai,Colombo,Eastern,146,230909396,772600426,113243607,workmail052@gmail.com,othermail052@gmail.com,disable,usermail052@gmail.com
firstname_053,middlename_053,lastname_053,54565606,3/31/2027,male,married,11/4/1997,227,Pesalai,Colombo,Eastern,147,230909397,772600427,113243608,workmail053@gmail.com,othermail053@gmail.com,disable,usermail053@gmail.com
firstname_054,middlename_054,lastname_054,54565607,4/1/2027,male,married,11/5/1997,228,Pesalai,Colombo,Eastern,148,230909398,772600428,113243609,workmail054@gmail.com,othermail054@gmail.com,disable,usermail054@gmail.com
firstname_055,middlename_055,lastname_055,54565608,4/2/2027,male,married,11/6/1997,229,Pesalai,Colombo,Eastern,149,230909399,772600429,113243610,workmail055@gmail.com,othermail055@gmail.com,disable,usermail055@gmail.com
firstname_056,middlename_056,lastname_056,54565609,4/3/2027,male,married,11/7/1997,230,Pesalai,Colombo,Eastern,150,230909400,772600430,113243611,workmail056@gmail.com,othermail056@gmail.com,disable,usermail056@gmail.com
firstname_057,middlename_057,lastname_057,54565610,4/4/2027,male,married,11/8/1997,231,Pesalai,Colombo,Eastern,151,230909401,772600431,113243612,workmail057@gmail.com,othermail057@gmail.com,disable,usermail057@gmail.com
firstname_058,middlename_058,lastname_058,54565611,4/5/2027,male,married,11/9/1997,232,Pesalai,Colombo,Eastern,152,230909402,772600432,113243613,workmail058@gmail.com,othermail058@gmail.com,disable,usermail058@gmail.com
firstname_059,middlename_059,lastname_059,54565612,4/6/2027,male,married,11/10/1997,233,Pesalai,Baticolo,Eastern,153,230909403,772600433,113243614,workmail059@gmail.com,othermail059@gmail.com,disable,usermail059@gmail.com
firstname_060,middlename_060,lastname_060,54565613,4/7/2027,male,married,11/11/1997,234,Nallur,Baticolo,Eastern,154,230909404,772600434,113243615,workmail060@gmail.com,othermail060@gmail.com,disable,usermail060@gmail.com
firstname_061,middlename_061,lastname_061,54565614,4/8/2027,male,married,11/12/1997,235,Nallur,Baticolo,Eastern,155,230909405,772600435,113243616,workmail061@gmail.com,othermail061@gmail.com,disable,usermail061@gmail.com
firstname_062,middlename_062,lastname_062,54565615,4/9/2027,male,married,11/13/1997,236,Nallur,Baticolo,Eastern,156,230909406,772600436,113243617,workmail062@gmail.com,othermail062@gmail.com,disable,usermail062@gmail.com
firstname_063,middlename_063,lastname_063,54565616,4/10/2027,male,married,11/14/1997,237,Nallur,Baticolo,Eastern,157,230909407,772600437,113243618,workmail063@gmail.com,othermail063@gmail.com,disable,usermail063@gmail.com
firstname_064,middlename_064,lastname_064,54565617,4/11/2027,male,married,11/15/1997,238,Nallur,Baticolo,Eastern,158,230909408,772600438,113243619,workmail064@gmail.com,othermail064@gmail.com,disable,usermail064@gmail.com
firstname_065,middlename_065,lastname_065,54565618,4/12/2027,male,married,11/16/1997,239,Nallur,Baticolo,Eastern,159,230909409,772600439,113243620,workmail065@gmail.com,othermail065@gmail.com,disable,usermail065@gmail.com
firstname_066,middlename_066,lastname_066,54565619,4/13/2027,male,other,11/17/1997,240,Nallur,Baticolo,Eastern,160,230909410,772600440,113243621,workmail066@gmail.com,othermail066@gmail.com,disable,usermail066@gmail.com
firstname_067,middlename_067,lastname_067,54565620,4/14/2027,male,other,11/18/1997,241,Nallur,Baticolo,Eastern,161,230909411,772600441,113243622,workmail067@gmail.com,othermail067@gmail.com,disable,usermail067@gmail.com
firstname_068,middlename_068,lastname_068,54565621,4/15/2027,male,other,11/19/1997,242,Nallur,Baticolo,Eastern,162,230909412,772600442,113243623,workmail068@gmail.com,othermail068@gmail.com,disable,usermail068@gmail.com
firstname_069,middlename_069,lastname_069,54565622,4/16/2027,male,other,11/20/1997,243,Nallur,Baticolo,Eastern,163,230909413,772600443,113243624,workmail069@gmail.com,othermail069@gmail.com,disable,usermail069@gmail.com
firstname_070,middlename_070,lastname_070,54565623,4/17/2027,male,other,11/21/1997,244,Nallur,Baticolo,Eastern,164,230909414,772600444,113243625,workmail070@gmail.com,othermail070@gmail.com,disable,usermail070@gmail.com
firstname_071,middlename_071,lastname_071,54565624,4/18/2027,male,other,11/22/1997,245,Nallur,Baticolo,Eastern,165,230909415,772600445,113243626,workmail071@gmail.com,othermail071@gmail.com,disable,usermail071@gmail.com
firstname_072,middlename_072,lastname_072,54565625,4/19/2027,male,other,11/23/1997,246,Nallur,Baticolo,Eastern,166,230909416,772600446,113243627,workmail072@gmail.com,othermail072@gmail.com,disable,usermail072@gmail.com
firstname_073,middlename_073,lastname_073,54565626,4/20/2027,male,other,11/24/1997,247,Nallur,Baticolo,Eastern,167,230909417,772600447,113243628,workmail073@gmail.com,othermail073@gmail.com,disable,usermail073@gmail.com
firstname_074,middlename_074,lastname_074,54565627,4/21/2027,male,other,11/25/1997,248,Kalladi,Baticolo,Eastern,168,230909418,772600448,113243629,workmail074@gmail.com,othermail074@gmail.com,disable,usermail074@gmail.com
firstname_075,middlename_075,lastname_075,54565628,4/22/2027,male,other,11/26/1997,249,Kalladi,Baticolo,Western,169,230909419,772600449,113243630,workmail075@gmail.com,othermail075@gmail.com,disable,usermail075@gmail.com
firstname_076,middlename_076,lastname_076,54565629,4/23/2027,male,other,11/27/1997,250,Kalladi,Baticolo,Western,170,230909420,772600450,113243631,workmail076@gmail.com,othermail076@gmail.com,disable,usermail076@gmail.com
firstname_077,middlename_077,lastname_077,54565630,4/24/2027,male,other,11/28/1997,251,Kalladi,Baticolo,Western,171,230909421,772600451,113243632,workmail077@gmail.com,othermail077@gmail.com,disable,usermail077@gmail.com
firstname_078,middlename_078,lastname_078,54565631,4/25/2027,male,other,11/29/1997,252,Kalladi,Baticolo,Western,172,230909422,772600452,113243633,workmail078@gmail.com,othermail078@gmail.com,disable,usermail078@gmail.com
firstname_079,middlename_079,lastname_079,54565632,4/26/2027,male,other,11/30/1997,253,Kalladi,Baticolo,Western,173,230909423,772600453,113243634,workmail079@gmail.com,othermail079@gmail.com,disable,usermail079@gmail.com
firstname_080,middlename_080,lastname_080,54565633,4/27/2027,male,other,12/1/1997,254,Kalladi,Galle,Western,174,230909424,772600454,113243635,workmail080@gmail.com,othermail080@gmail.com,disable,usermail080@gmail.com
firstname_081,middlename_081,lastname_081,54565634,4/28/2027,male,other,12/2/1997,255,Kalladi,Galle,Western,175,230909425,772600455,113243636,workmail081@gmail.com,othermail081@gmail.com,disable,usermail081@gmail.com
firstname_082,middlename_082,lastname_082,54565635,4/29/2027,male,other,12/3/1997,256,Kalladi,Galle,Western,176,230909426,772600456,113243637,workmail082@gmail.com,othermail082@gmail.com,disable,usermail082@gmail.com
firstname_083,middlename_083,lastname_083,54565636,4/30/2027,male,other,12/4/1997,257,Kalladi,Galle,Western,177,230909427,772600457,113243638,workmail083@gmail.com,othermail083@gmail.com,disable,usermail083@gmail.com
firstname_084,middlename_084,lastname_084,54565637,5/1/2027,male,other,12/5/1997,258,Kalladi,Galle,Western,178,230909428,772600458,113243639,workmail084@gmail.com,othermail084@gmail.com,disable,usermail084@gmail.com
firstname_085,middlename_085,lastname_085,54565638,5/2/2027,female,other,12/6/1997,259,Kalladi,Galle,Western,179,230909429,772600459,113243640,workmail085@gmail.com,othermail085@gmail.com,disable,usermail085@gmail.com
firstname_086,middlename_086,lastname_086,54565639,5/3/2027,female,other,12/7/1997,260,Kalladi,Galle,Western,180,230909430,772600460,113243641,workmail086@gmail.com,othermail086@gmail.com,disable,usermail086@gmail.com
firstname_087,middlename_087,lastname_087,54565640,5/4/2027,female,other,12/8/1997,261,Kalladi,Galle,Western,181,230909431,772600461,113243642,workmail087@gmail.com,othermail087@gmail.com,disable,usermail087@gmail.com
firstname_088,middlename_088,lastname_088,54565641,5/5/2027,female,other,12/9/1997,262,Kalladi,Galle,Western,182,230909432,772600462,113243643,workmail088@gmail.com,othermail088@gmail.com,disable,usermail088@gmail.com
firstname_089,middlename_089,lastname_089,54565642,5/6/2027,female,other,12/10/1997,263,Kalladi,Galle,Western,183,230909433,772600463,113243644,workmail089@gmail.com,othermail089@gmail.com,disable,usermail089@gmail.com
firstname_090,middlename_090,lastname_090,54565643,5/7/2027,female,other,12/11/1997,264,Kalladi,Galle,Western,184,230909434,772600464,113243645,workmail090@gmail.com,othermail090@gmail.com,disable,usermail090@gmail.com
firstname_091,middlename_091,lastname_091,54565644,5/8/2027,female,other,12/12/1997,265,Kalladi,Galle,Western,185,230909435,772600465,113243646,workmail091@gmail.com,othermail091@gmail.com,disable,usermail091@gmail.com
firstname_092,middlename_092,lastname_092,54565645,5/9/2027,female,other,12/13/1997,266,Kalladi,Galle,Western,186,230909436,772600466,113243647,workmail092@gmail.com,othermail092@gmail.com,disable,usermail092@gmail.com
firstname_093,middlename_093,lastname_093,54565646,5/10/2027,female,other,12/14/1997,267,Kalladi,Galle,Western,187,230909437,772600467,113243648,workmail093@gmail.com,othermail093@gmail.com,disable,usermail093@gmail.com
firstname_094,middlename_094,lastname_094,54565647,5/11/2027,female,other,12/15/1997,268,Kalladi,Galle,Western,188,230909438,772600468,113243649,workmail094@gmail.com,othermail094@gmail.com,disable,usermail094@gmail.com
firstname_095,middlename_095,lastname_095,54565648,5/12/2027,female,other,12/16/1997,269,Kalladi,Galle,Western,189,230909439,772600469,113243650,workmail095@gmail.com,othermail095@gmail.com,disable,usermail095@gmail.com
firstname_096,middlename_096,lastname_096,54565649,5/13/2027,female,other,12/17/1997,270,Thalaimannar,Galle,Western,190,230909440,772600470,113243651,workmail096@gmail.com,othermail096@gmail.com,disable,usermail096@gmail.com
firstname_097,middlename_097,lastname_097,54565650,5/14/2027,female,other,12/18/1997,271,Thalaimannar,Galle,Western,191,230909441,772600471,113243652,workmail097@gmail.com,othermail097@gmail.com,disable,usermail097@gmail.com
firstname_098,middlename_098,lastname_098,54565651,5/15/2027,female,other,12/19/1997,272,Thalaimannar,Galle,Western,192,230909442,772600472,113243653,workmail098@gmail.com,othermail098@gmail.com,disable,usermail098@gmail.com
firstname_099,middlename_099,lastname_099,54565652,5/16/2027,female,other,12/20/1997,273,Thalaimannar,Galle,Western,193,230909443,772600473,113243654,workmail099@gmail.com,othermail099@gmail.com,disable,usermail099@gmail.com
firstname_100,middlename_100,lastname_100,54565653,5/17/2027,female,other,12/21/1997,274,Thalaimannar,Galle,Western,194,230909444,772600474,113243655,workmail100@gmail.com,othermail100@gmail.com,disable,usermail100@gmail.com
